Target,Type,Metric,Published_5CV,Full_dataset_N,New_samples,Original_5CV_mean,Original_5CV_std,FineTuned_5CV_mean,FineTuned_5CV_std,Delta
LOI,regression,R2,0.8498,1938,10,0.842786384153612,0.0161843811964656,0.8353267429106493,0.023056548175192294,-0.007459641242962611
Tg,regression,R2,0.9038,1146,6,0.8970341555095194,0.011625722608556897,0.9006261253519876,0.025132004943583957,0.0035919698424682345
TENSILE,regression,R2,0.7223,724,12,0.6839087375929163,0.06247174687666624,0.665210931815432,0.07911969014581206,-0.018697805777484255
UL94,classification,AUC,0.903,1923,6,0.8979066535773146,0.015376079144212726,0.895556264970889,0.014800391414382703,-0.0023503886064255575
